Site,Liens
bretagne.bzh,11
sprayloc.fr,7
spraylive.fr,6
westonemusic.com,4
kubweb.media,3
bellefaye.com,2
fractalfilm.net,2
kompass.com,2
mappy.com,2
societeinfo.com,2
verif.com,2
alec-saint-brieuc.org,1
art-vibes.com,1
b-reputation.com,1
blogspot.com,1
cyberdev.fr,1
dromesko.net,1
exclusicar.fr,1
fr-urlm.com,1
gowork.fr,1
heuresdouverture.org,1
infobel.fr,1
lesdocksdufilm.com,1
lespaloukes.fr,1
linkedin.com,1
lucpouyadoux.com,1
nomades-productions.com,1
opendatasoft.com,1
pages-24.fr,1
paulsabin.fr,1
sponta.io,1
urlmetriques.co,1
vimeo.com,1
websitecarbon.com,1
yoys.fr,1
yoys.id,1